{"cameraMode":{"drawMode":0,"name":"Shaded","section":"Shading Mode"},"sceneLighting":true,"audioPlay":false,"sceneViewState":{"m_AlwaysRefresh":false,"showFog":true,"showSkybox":true,"showFlares":true,"showImageEffects":true,"showParticleSystems":true,"showVisualEffectGraphs":true,"m_FxEnabled":true},"in2DMode":false,"pivot":{"x":75.64818572998047,"y":22.422718048095704,"z":-18.491945266723634},"rotation":{"x":0.18882286548614503,"y":-0.7167258858680725,"z":0.21219724416732789,"w":0.6369444131851196},"size":0.941385805606842,"orthographic":false}