{"cameraMode":{"drawMode":0,"name":"Shaded","section":"Shading Mode"},"sceneLighting":true,"audioPlay":false,"sceneViewState":{"m_AlwaysRefresh":false,"showFog":true,"showSkybox":true,"showFlares":true,"showImageEffects":true,"showParticleSystems":true,"showVisualEffectGraphs":true,"m_FxEnabled":true},"in2DMode":false,"pivot":{"x":0.6496505737304688,"y":4.979000091552734,"z":-0.22000020742416383},"rotation":{"x":0.39208486676216128,"y":-0.6069772243499756,"z":0.46705830097198489,"w":0.5096536874771118},"size":11.947074890136719,"orthographic":false}